<?xml version="1.0"?>
<doc>
    <assembly>
        <name>BetterCodeAnalysis</name>
    </assembly>
    <members>
        <member name="T:CopyPaste.Learning.cpClasses">
            <summary>
            cpClasses is a collection of cpOneClass
            </summary>
        </member>
        <member name="M:CopyPaste.Learning.cpClasses.#ctor">
            <summary>
            Constructor of cpClasses
            </summary>
        </member>
        <member name="P:CopyPaste.Learning.cpClasses.Count">
            <summary>
            The number of classes in the collection of cpClasses (Get only)
            </summary>
        </member>
        <member name="P:CopyPaste.Learning.cpClasses.Item(System.Int32)">
            <summary>
            Default property / indexer
            </summary>
        </member>
        <member name="P:CopyPaste.Learning.cpClasses.LinesOfCode">
            <summary>
            The number of lines of code in a cpClasses (Get only)
            </summary>
        </member>
        <member name="M:CopyPaste.Learning.cpClasses.ReadFromFile(System.String)">
            <summary>
            Reading a source file (a textfile that contains programming code
            </summary>
            <param name="strFullPath">Full path to the source of the code</param>
        </member>
        <member name="T:CopyPaste.Learning.cpOneClass">
            <summary>
            Definition of a public class
            </summary>
        </member>
        <member name="M:CopyPaste.Learning.cpOneClass.#ctor(System.String,System.String)">
            <summary>
            Constructor of a cpOneClass
            </summary>
            <param name="strName">The name of the class</param>
            <param name="strFileName">The filename of the class</param>
        </member>
        <member name="P:CopyPaste.Learning.cpOneClass.FileName">
            <summary>
            The filename of a cpOneClass
            </summary>
        </member>
        <member name="P:CopyPaste.Learning.cpOneClass.Name">
            <summary>
            The name of a cpOneClass
            </summary>
        </member>
        <member name="T:CopyPaste.Learning.frmCodeAnalysis">
            <summary>
            Form where class cpClasses and cpOneClass are tested
            </summary>
        </member>
        <member name="M:CopyPaste.Learning.frmCodeAnalysis.Dispose(System.Boolean)">
            <summary>
            Code executed when form is not used anymore
            </summary>
            <param name="disposing">To dispose all components in the form, set true</param>
        </member>
        <member name="M:CopyPaste.Learning.frmCodeAnalysis.#ctor">
            <summary>
            Constructor of frmCodeAnalysis
            </summary>
        </member>
    </members>
</doc>
