﻿<?xml version="1.0" encoding="utf-8"?>
<Database Name="cpNorthWindScript2019" xmlns="http://schemas.microsoft.com/linqtosql/mapping/2007">
  <Table Name="dbo.tblCPCategory" Member="tblCPCategories">
    <Type Name="CopyPaste.Learn.Linq.tblCPCategory">
      <Column Name="intIdCategory" Member="intIdCategory" Storage="_intIdCategory" DbType="int NOT NULL IDENTITY" IsPrimaryKey="true" IsDbGenerated="true" AutoSync="OnInsert" />
      <Column Name="strCategoryName" Member="strCategoryName" Storage="_strCategoryName" DbType="VarChar(15) NOT NULL" CanBeNull="false" />
      <Column Name="memDescription" Member="memDescription" Storage="_memDescription" DbType="Text" UpdateCheck="Never" />
      <Column Name="imgPicture" Member="imgPicture" Storage="_imgPicture" DbType="Image" UpdateCheck="Never" />
      <Association Name="FK_tblCPProduct_tblCPCategory" Member="tblCPProducts" Storage="_tblCPProducts" ThisKey="intIdCategory" OtherKey="intCategoryId" DeleteRule="NO ACTION" />
    </Type>
  </Table>
  <Table Name="dbo.tblCPCustomer" Member="tblCPCustomers">
    <Type Name="CopyPaste.Learn.Linq.tblCPCustomer">
      <Column Name="strIdCustomer" Member="strIdCustomer" Storage="_strIdCustomer" DbType="VarChar(5) NOT NULL" CanBeNull="false" IsPrimaryKey="true" />
      <Column Name="strCompanyName" Member="strCompanyName" Storage="_strCompanyName" DbType="VarChar(40) NOT NULL" CanBeNull="false" />
      <Column Name="strContactName" Member="strContactName" Storage="_strContactName" DbType="VarChar(30)" />
      <Column Name="strContactTitle" Member="strContactTitle" Storage="_strContactTitle" DbType="VarChar(30)" />
      <Column Name="strAddress" Member="strAddress" Storage="_strAddress" DbType="VarChar(60)" />
      <Column Name="strCity" Member="strCity" Storage="_strCity" DbType="VarChar(15)" />
      <Column Name="strRegion" Member="strRegion" Storage="_strRegion" DbType="VarChar(15)" />
      <Column Name="strPostalCode" Member="strPostalCode" Storage="_strPostalCode" DbType="VarChar(10)" />
      <Column Name="strCountry" Member="strCountry" Storage="_strCountry" DbType="VarChar(15)" />
      <Column Name="strPhone" Member="strPhone" Storage="_strPhone" DbType="VarChar(24)" />
      <Column Name="strFax" Member="strFax" Storage="_strFax" DbType="VarChar(24)" />
      <Column Name="strWebsite" Member="strWebsite" Storage="_strWebsite" DbType="VarChar(50)" />
      <Association Name="FK_tblCPCustomerDemographic_tblCPCustomer" Member="tblCPCustomerDemographics" Storage="_tblCPCustomerDemographics" ThisKey="strIdCustomer" OtherKey="strCustomerId" DeleteRule="NO ACTION" />
      <Association Name="FK_tblCPOrder_tblCPCustomer" Member="tblCPOrders" Storage="_tblCPOrders" ThisKey="strIdCustomer" OtherKey="strCustomerId" DeleteRule="NO ACTION" />
    </Type>
  </Table>
  <Table Name="dbo.tblCPCustomerDemographic" Member="tblCPCustomerDemographics">
    <Type Name="CopyPaste.Learn.Linq.tblCPCustomerDemographic">
      <Column Name="strCustomerId" Member="strCustomerId" Storage="_strCustomerId" DbType="VarChar(5) NOT NULL" CanBeNull="false" IsPrimaryKey="true" />
      <Column Name="strDemographicId" Member="strDemographicId" Storage="_strDemographicId" DbType="VarChar(10) NOT NULL" CanBeNull="false" IsPrimaryKey="true" />
      <Association Name="FK_tblCPCustomerDemographic_tblCPCustomer" Member="tblCPCustomer" Storage="_tblCPCustomer" ThisKey="strCustomerId" OtherKey="strIdCustomer" IsForeignKey="true" />
      <Association Name="FK_tblCPCustomerDemographic_tblCPDemographic" Member="tblCPDemographic" Storage="_tblCPDemographic" ThisKey="strDemographicId" OtherKey="strIdDemographic" IsForeignKey="true" />
    </Type>
  </Table>
  <Table Name="dbo.tblCPDemographic" Member="tblCPDemographics">
    <Type Name="CopyPaste.Learn.Linq.tblCPDemographic">
      <Column Name="strIdDemographic" Member="strIdDemographic" Storage="_strIdDemographic" DbType="VarChar(10) NOT NULL" CanBeNull="false" IsPrimaryKey="true" />
      <Column Name="strDemographic" Member="strDemographic" Storage="_strDemographic" DbType="VarChar(16)" />
      <Association Name="FK_tblCPCustomerDemographic_tblCPDemographic" Member="tblCPCustomerDemographics" Storage="_tblCPCustomerDemographics" ThisKey="strIdDemographic" OtherKey="strDemographicId" DeleteRule="NO ACTION" />
    </Type>
  </Table>
  <Table Name="dbo.tblCPEmployee" Member="tblCPEmployees">
    <Type Name="CopyPaste.Learn.Linq.tblCPEmployee">
      <Column Name="intIdEmployee" Member="intIdEmployee" Storage="_intIdEmployee" DbType="int NOT NULL IDENTITY" IsPrimaryKey="true" IsDbGenerated="true" AutoSync="OnInsert" />
      <Column Name="strLastName" Member="strLastName" Storage="_strLastName" DbType="VarChar(20) NOT NULL" CanBeNull="false" />
      <Column Name="strFirstName" Member="strFirstName" Storage="_strFirstName" DbType="VarChar(10) NOT NULL" CanBeNull="false" />
      <Column Name="strTitle" Member="strTitle" Storage="_strTitle" DbType="VarChar(30)" />
      <Column Name="strTitleOfCourtesy" Member="strTitleOfCourtesy" Storage="_strTitleOfCourtesy" DbType="VarChar(25)" />
      <Column Name="dtmBirthDate" Member="dtmBirthDate" Storage="_dtmBirthDate" DbType="DateTime" />
      <Column Name="dtmHireDate" Member="dtmHireDate" Storage="_dtmHireDate" DbType="DateTime" />
      <Column Name="strAddress" Member="strAddress" Storage="_strAddress" DbType="VarChar(60)" />
      <Column Name="strCity" Member="strCity" Storage="_strCity" DbType="VarChar(15)" />
      <Column Name="strRegion" Member="strRegion" Storage="_strRegion" DbType="VarChar(15)" />
      <Column Name="strPostalCode" Member="strPostalCode" Storage="_strPostalCode" DbType="VarChar(10)" />
      <Column Name="strCountry" Member="strCountry" Storage="_strCountry" DbType="VarChar(15)" />
      <Column Name="strHomePhone" Member="strHomePhone" Storage="_strHomePhone" DbType="VarChar(24)" />
      <Column Name="strExtension" Member="strExtension" Storage="_strExtension" DbType="VarChar(4)" />
      <Column Name="imgPhoto" Member="imgPhoto" Storage="_imgPhoto" DbType="Image" UpdateCheck="Never" />
      <Column Name="memNotes" Member="memNotes" Storage="_memNotes" DbType="Text" UpdateCheck="Never" />
      <Column Name="intReportsTo" Member="intReportsTo" Storage="_intReportsTo" DbType="int" />
      <Column Name="strPhotoPath" Member="strPhotoPath" Storage="_strPhotoPath" DbType="VarChar(255)" />
      <Association Name="FK_tblCPEmployee_tblCPEmployee" Member="intReportsToTblCPEmployee" Storage="_intReportsToTblCPEmployee" ThisKey="intReportsTo" OtherKey="intIdEmployee" IsForeignKey="true" />
      <Association Name="FK_tblCPEmployee_tblCPEmployee" Member="intIdEmployeeTblCPEmployees" Storage="_intIdEmployeeTblCPEmployees" ThisKey="intIdEmployee" OtherKey="intReportsTo" DeleteRule="NO ACTION" />
      <Association Name="FK_tblCPEmployeeTerritory_tblCPEmployee" Member="tblCPEmployeeTerritories" Storage="_tblCPEmployeeTerritories" ThisKey="intIdEmployee" OtherKey="intEmployeeId" DeleteRule="NO ACTION" />
      <Association Name="FK_tblCPOrder_tblCPEmployee" Member="tblCPOrders" Storage="_tblCPOrders" ThisKey="intIdEmployee" OtherKey="intEmployeeId" DeleteRule="NO ACTION" />
    </Type>
  </Table>
  <Table Name="dbo.tblCPEmployeeTerritory" Member="tblCPEmployeeTerritories">
    <Type Name="CopyPaste.Learn.Linq.tblCPEmployeeTerritory">
      <Column Name="intEmployeeId" Member="intEmployeeId" Storage="_intEmployeeId" DbType="int NOT NULL" IsPrimaryKey="true" />
      <Column Name="strTerritoryId" Member="strTerritoryId" Storage="_strTerritoryId" DbType="VarChar(20) NOT NULL" CanBeNull="false" IsPrimaryKey="true" />
      <Association Name="FK_tblCPEmployeeTerritory_tblCPEmployee" Member="tblCPEmployee" Storage="_tblCPEmployee" ThisKey="intEmployeeId" OtherKey="intIdEmployee" IsForeignKey="true" />
      <Association Name="FK_tblCPEmployeeTerritory_tblCPTerritory" Member="tblCPTerritory" Storage="_tblCPTerritory" ThisKey="strTerritoryId" OtherKey="strIdTerritory" IsForeignKey="true" />
    </Type>
  </Table>
  <Table Name="dbo.tblCPOrder" Member="tblCPOrders">
    <Type Name="CopyPaste.Learn.Linq.tblCPOrder">
      <Column Name="intIdOrder" Member="intIdOrder" Storage="_intIdOrder" DbType="int NOT NULL IDENTITY" IsPrimaryKey="true" IsDbGenerated="true" AutoSync="OnInsert" />
      <Column Name="strCustomerId" Member="strCustomerId" Storage="_strCustomerId" DbType="VarChar(5)" />
      <Column Name="intEmployeeId" Member="intEmployeeId" Storage="_intEmployeeId" DbType="int" />
      <Column Name="dtmOrderDate" Member="dtmOrderDate" Storage="_dtmOrderDate" DbType="DateTime" />
      <Column Name="dtmRequiredDate" Member="dtmRequiredDate" Storage="_dtmRequiredDate" DbType="DateTime" />
      <Column Name="dtmShippedDate" Member="dtmShippedDate" Storage="_dtmShippedDate" DbType="DateTime" />
      <Column Name="intShipVia" Member="intShipVia" Storage="_intShipVia" DbType="int" />
      <Column Name="dblFreight" Member="dblFreight" Storage="_dblFreight" DbType="Money" />
      <Column Name="strShipName" Member="strShipName" Storage="_strShipName" DbType="VarChar(40)" />
      <Column Name="strShipAddress" Member="strShipAddress" Storage="_strShipAddress" DbType="VarChar(60)" />
      <Column Name="strShipCity" Member="strShipCity" Storage="_strShipCity" DbType="VarChar(15)" />
      <Column Name="strShipRegion" Member="strShipRegion" Storage="_strShipRegion" DbType="VarChar(15)" />
      <Column Name="strShipPostalCode" Member="strShipPostalCode" Storage="_strShipPostalCode" DbType="VarChar(10)" />
      <Column Name="strShipCountry" Member="strShipCountry" Storage="_strShipCountry" DbType="VarChar(15)" />
      <Association Name="FK_tblCPOrder_tblCPCustomer" Member="tblCPCustomer" Storage="_tblCPCustomer" ThisKey="strCustomerId" OtherKey="strIdCustomer" IsForeignKey="true" />
      <Association Name="FK_tblCPOrder_tblCPEmployee" Member="tblCPEmployee" Storage="_tblCPEmployee" ThisKey="intEmployeeId" OtherKey="intIdEmployee" IsForeignKey="true" />
      <Association Name="FK_tblCPOrder_tblCPShipper" Member="tblCPShipper" Storage="_tblCPShipper" ThisKey="intShipVia" OtherKey="intIdShipper" IsForeignKey="true" />
      <Association Name="FK_tblCPOrderDetail_tblCPOrder" Member="tblCPOrderDetails" Storage="_tblCPOrderDetails" ThisKey="intIdOrder" OtherKey="intOrderId" DeleteRule="NO ACTION" />
    </Type>
  </Table>
  <Table Name="dbo.tblCPOrderDetail" Member="tblCPOrderDetails">
    <Type Name="CopyPaste.Learn.Linq.tblCPOrderDetail">
      <Column Name="intOrderId" Member="intOrderId" Storage="_intOrderId" DbType="int NOT NULL" IsPrimaryKey="true" />
      <Column Name="intProductId" Member="intProductId" Storage="_intProductId" DbType="int NOT NULL" IsPrimaryKey="true" />
      <Column Name="dblUnitPrice" Member="dblUnitPrice" Storage="_dblUnitPrice" DbType="Money NOT NULL" />
      <Column Name="intQuantity" Member="intQuantity" Storage="_intQuantity" DbType="SmallInt NOT NULL" />
      <Column Name="dblDiscount" Member="dblDiscount" Storage="_dblDiscount" DbType="Real NOT NULL" />
      <Association Name="FK_tblCPOrderDetail_tblCPOrder" Member="tblCPOrder" Storage="_tblCPOrder" ThisKey="intOrderId" OtherKey="intIdOrder" IsForeignKey="true" />
      <Association Name="FK_tblCPOrderDetail_tblCPProduct" Member="tblCPProduct" Storage="_tblCPProduct" ThisKey="intProductId" OtherKey="intIdProduct" IsForeignKey="true" />
    </Type>
  </Table>
  <Table Name="dbo.tblCPProduct" Member="tblCPProducts">
    <Type Name="CopyPaste.Learn.Linq.tblCPProduct">
      <Column Name="intIdProduct" Member="intIdProduct" Storage="_intIdProduct" DbType="int NOT NULL" IsPrimaryKey="true" />
      <Column Name="strProductName" Member="strProductName" Storage="_strProductName" DbType="VarChar(40) NOT NULL" CanBeNull="false" />
      <Column Name="intSupplierId" Member="intSupplierId" Storage="_intSupplierId" DbType="int" />
      <Column Name="intCategoryId" Member="intCategoryId" Storage="_intCategoryId" DbType="int" />
      <Column Name="strQuantityPerUnit" Member="strQuantityPerUnit" Storage="_strQuantityPerUnit" DbType="VarChar(20)" />
      <Column Name="dblUnitPrice" Member="dblUnitPrice" Storage="_dblUnitPrice" DbType="Money" />
      <Column Name="intUnitsInStock" Member="intUnitsInStock" Storage="_intUnitsInStock" DbType="SmallInt" />
      <Column Name="intUnitsOnOrder" Member="intUnitsOnOrder" Storage="_intUnitsOnOrder" DbType="SmallInt" />
      <Column Name="intReorderLevel" Member="intReorderLevel" Storage="_intReorderLevel" DbType="SmallInt" />
      <Column Name="blnDiscontinued" Member="blnDiscontinued" Storage="_blnDiscontinued" DbType="Bit NOT NULL" />
      <Association Name="FK_tblCPOrderDetail_tblCPProduct" Member="tblCPOrderDetails" Storage="_tblCPOrderDetails" ThisKey="intIdProduct" OtherKey="intProductId" DeleteRule="NO ACTION" />
      <Association Name="FK_tblCPProduct_tblCPCategory" Member="tblCPCategory" Storage="_tblCPCategory" ThisKey="intCategoryId" OtherKey="intIdCategory" IsForeignKey="true" />
      <Association Name="FK_tblCPProduct_tblCPSupplier1" Member="tblCPSupplier" Storage="_tblCPSupplier" ThisKey="intSupplierId" OtherKey="intIdSupplier" IsForeignKey="true" />
    </Type>
  </Table>
  <Table Name="dbo.tblCPRegion" Member="tblCPRegions">
    <Type Name="CopyPaste.Learn.Linq.tblCPRegion">
      <Column Name="intIdRegion" Member="intIdRegion" Storage="_intIdRegion" DbType="int NOT NULL" IsPrimaryKey="true" />
      <Column Name="strRegionDescription" Member="strRegionDescription" Storage="_strRegionDescription" DbType="VarChar(50) NOT NULL" CanBeNull="false" />
      <Association Name="FK_tblCPTerritory_tblCPRegion" Member="tblCPTerritories" Storage="_tblCPTerritories" ThisKey="intIdRegion" OtherKey="intRegionId" DeleteRule="NO ACTION" />
    </Type>
  </Table>
  <Table Name="dbo.tblCPShipper" Member="tblCPShippers">
    <Type Name="CopyPaste.Learn.Linq.tblCPShipper">
      <Column Name="intIdShipper" Member="intIdShipper" Storage="_intIdShipper" DbType="int NOT NULL" IsPrimaryKey="true" />
      <Column Name="strCompanyName" Member="strCompanyName" Storage="_strCompanyName" DbType="VarChar(40) NOT NULL" CanBeNull="false" />
      <Column Name="strPhone" Member="strPhone" Storage="_strPhone" DbType="VarChar(24)" />
      <Association Name="FK_tblCPOrder_tblCPShipper" Member="tblCPOrders" Storage="_tblCPOrders" ThisKey="intIdShipper" OtherKey="intShipVia" DeleteRule="NO ACTION" />
    </Type>
  </Table>
  <Table Name="dbo.tblCPSupplier" Member="tblCPSuppliers">
    <Type Name="CopyPaste.Learn.Linq.tblCPSupplier">
      <Column Name="intIdSupplier" Member="intIdSupplier" Storage="_intIdSupplier" DbType="int NOT NULL" IsPrimaryKey="true" />
      <Column Name="strCompanyName" Member="strCompanyName" Storage="_strCompanyName" DbType="VarChar(40) NOT NULL" CanBeNull="false" />
      <Column Name="strContactName" Member="strContactName" Storage="_strContactName" DbType="VarChar(30)" />
      <Column Name="strContactTitle" Member="strContactTitle" Storage="_strContactTitle" DbType="VarChar(30)" />
      <Column Name="strAddress" Member="strAddress" Storage="_strAddress" DbType="VarChar(60)" />
      <Column Name="strCity" Member="strCity" Storage="_strCity" DbType="VarChar(15)" />
      <Column Name="strRegion" Member="strRegion" Storage="_strRegion" DbType="VarChar(15)" />
      <Column Name="strPostalCode" Member="strPostalCode" Storage="_strPostalCode" DbType="VarChar(10)" />
      <Column Name="strCountry" Member="strCountry" Storage="_strCountry" DbType="VarChar(15)" />
      <Column Name="strPhone" Member="strPhone" Storage="_strPhone" DbType="VarChar(24)" />
      <Column Name="strFax" Member="strFax" Storage="_strFax" DbType="VarChar(24)" />
      <Column Name="memHomePage" Member="memHomePage" Storage="_memHomePage" DbType="Text" UpdateCheck="Never" />
      <Association Name="FK_tblCPProduct_tblCPSupplier1" Member="tblCPProducts" Storage="_tblCPProducts" ThisKey="intIdSupplier" OtherKey="intSupplierId" DeleteRule="NO ACTION" />
    </Type>
  </Table>
  <Table Name="dbo.tblCPTerritory" Member="tblCPTerritories">
    <Type Name="CopyPaste.Learn.Linq.tblCPTerritory">
      <Column Name="strIdTerritory" Member="strIdTerritory" Storage="_strIdTerritory" DbType="VarChar(20) NOT NULL" CanBeNull="false" IsPrimaryKey="true" />
      <Column Name="strTerritoryDescription" Member="strTerritoryDescription" Storage="_strTerritoryDescription" DbType="VarChar(50) NOT NULL" CanBeNull="false" />
      <Column Name="intRegionId" Member="intRegionId" Storage="_intRegionId" DbType="int NOT NULL" />
      <Association Name="FK_tblCPEmployeeTerritory_tblCPTerritory" Member="tblCPEmployeeTerritories" Storage="_tblCPEmployeeTerritories" ThisKey="strIdTerritory" OtherKey="strTerritoryId" DeleteRule="NO ACTION" />
      <Association Name="FK_tblCPTerritory_tblCPRegion" Member="tblCPRegion" Storage="_tblCPRegion" ThisKey="intRegionId" OtherKey="intIdRegion" IsForeignKey="true" />
    </Type>
  </Table>
  <Table Name="dbo.vwCPAlphabeticalListOfProducts" Member="vwCPAlphabeticalListOfProducts">
    <Type Name="CopyPaste.Learn.Linq.vwCPAlphabeticalListOfProduct">
      <Column Name="intIdProduct" Member="intIdProduct" Storage="_intIdProduct" DbType="int NOT NULL" />
      <Column Name="strProductName" Member="strProductName" Storage="_strProductName" DbType="VarChar(40) NOT NULL" CanBeNull="false" />
      <Column Name="intSupplierId" Member="intSupplierId" Storage="_intSupplierId" DbType="int" />
      <Column Name="intCategoryId" Member="intCategoryId" Storage="_intCategoryId" DbType="int" />
      <Column Name="strQuantityPerUnit" Member="strQuantityPerUnit" Storage="_strQuantityPerUnit" DbType="VarChar(20)" />
      <Column Name="dblUnitPrice" Member="dblUnitPrice" Storage="_dblUnitPrice" DbType="Money" />
      <Column Name="intUnitsInStock" Member="intUnitsInStock" Storage="_intUnitsInStock" DbType="SmallInt" />
      <Column Name="intUnitsOnOrder" Member="intUnitsOnOrder" Storage="_intUnitsOnOrder" DbType="SmallInt" />
      <Column Name="intReorderLevel" Member="intReorderLevel" Storage="_intReorderLevel" DbType="SmallInt" />
      <Column Name="blnDiscontinued" Member="blnDiscontinued" Storage="_blnDiscontinued" DbType="Bit NOT NULL" />
      <Column Name="strCategoryName" Member="strCategoryName" Storage="_strCategoryName" DbType="VarChar(15) NOT NULL" CanBeNull="false" />
    </Type>
  </Table>
  <Table Name="dbo.vwCPCategorySalesFor2007" Member="vwCPCategorySalesFor2007s">
    <Type Name="CopyPaste.Learn.Linq.vwCPCategorySalesFor2007">
      <Column Name="strCategoryName" Member="strCategoryName" Storage="_strCategoryName" DbType="VarChar(15) NOT NULL" CanBeNull="false" />
      <Column Name="categorySales" Member="categorySales" Storage="_categorySales" DbType="Float" />
    </Type>
  </Table>
  <Table Name="dbo.vwCPCurrentProductList" Member="vwCPCurrentProductLists">
    <Type Name="CopyPaste.Learn.Linq.vwCPCurrentProductList">
      <Column Name="intIdProduct" Member="intIdProduct" Storage="_intIdProduct" DbType="int NOT NULL" />
      <Column Name="strProductName" Member="strProductName" Storage="_strProductName" DbType="VarChar(40) NOT NULL" CanBeNull="false" />
    </Type>
  </Table>
  <Table Name="dbo.vwCPCustomerAndSuppliersByCity" Member="vwCPCustomerAndSuppliersByCities">
    <Type Name="CopyPaste.Learn.Linq.vwCPCustomerAndSuppliersByCity">
      <Column Name="strCity" Member="strCity" Storage="_strCity" DbType="VarChar(15)" />
      <Column Name="strCompanyName" Member="strCompanyName" Storage="_strCompanyName" DbType="VarChar(40) NOT NULL" CanBeNull="false" />
      <Column Name="strContactName" Member="strContactName" Storage="_strContactName" DbType="VarChar(30)" />
      <Column Name="strRelationship" Member="strRelationship" Storage="_strRelationship" DbType="VarChar(9) NOT NULL" CanBeNull="false" />
    </Type>
  </Table>
  <Table Name="dbo.vwCPInvoices" Member="vwCPInvoices">
    <Type Name="CopyPaste.Learn.Linq.vwCPInvoice">
      <Column Name="ShipperName" Member="ShipperName" Storage="_ShipperName" DbType="VarChar(40) NOT NULL" CanBeNull="false" />
      <Column Name="strShipName" Member="strShipName" Storage="_strShipName" DbType="VarChar(40)" />
      <Column Name="strShipAddress" Member="strShipAddress" Storage="_strShipAddress" DbType="VarChar(60)" />
      <Column Name="strShipCity" Member="strShipCity" Storage="_strShipCity" DbType="VarChar(15)" />
      <Column Name="strShipRegion" Member="strShipRegion" Storage="_strShipRegion" DbType="VarChar(15)" />
      <Column Name="strShipPostalCode" Member="strShipPostalCode" Storage="_strShipPostalCode" DbType="VarChar(10)" />
      <Column Name="strShipCountry" Member="strShipCountry" Storage="_strShipCountry" DbType="VarChar(15)" />
      <Column Name="strCustomerId" Member="strCustomerId" Storage="_strCustomerId" DbType="VarChar(5)" />
      <Column Name="customerName" Member="customerName" Storage="_customerName" DbType="VarChar(40) NOT NULL" CanBeNull="false" />
      <Column Name="strAddress" Member="strAddress" Storage="_strAddress" DbType="VarChar(60)" />
      <Column Name="strCity" Member="strCity" Storage="_strCity" DbType="VarChar(15)" />
      <Column Name="strRegion" Member="strRegion" Storage="_strRegion" DbType="VarChar(15)" />
      <Column Name="strPostalCode" Member="strPostalCode" Storage="_strPostalCode" DbType="VarChar(10)" />
      <Column Name="strCountry" Member="strCountry" Storage="_strCountry" DbType="VarChar(15)" />
      <Column Name="Salesperson" Member="Salesperson" Storage="_Salesperson" DbType="NVarChar(31) NOT NULL" CanBeNull="false" />
      <Column Name="intIdOrder" Member="intIdOrder" Storage="_intIdOrder" DbType="int NOT NULL" />
      <Column Name="dtmOrderDate" Member="dtmOrderDate" Storage="_dtmOrderDate" DbType="DateTime" />
      <Column Name="dtmRequiredDate" Member="dtmRequiredDate" Storage="_dtmRequiredDate" DbType="DateTime" />
      <Column Name="dtmShippedDate" Member="dtmShippedDate" Storage="_dtmShippedDate" DbType="DateTime" />
      <Column Name="intProductId" Member="intProductId" Storage="_intProductId" DbType="int NOT NULL" />
      <Column Name="strProductName" Member="strProductName" Storage="_strProductName" DbType="VarChar(40) NOT NULL" CanBeNull="false" />
      <Column Name="dblUnitPrice" Member="dblUnitPrice" Storage="_dblUnitPrice" DbType="Money NOT NULL" />
      <Column Name="intQuantity" Member="intQuantity" Storage="_intQuantity" DbType="SmallInt NOT NULL" />
      <Column Name="dblDiscount" Member="dblDiscount" Storage="_dblDiscount" DbType="Real NOT NULL" />
      <Column Name="extendedPrice" Member="extendedPrice" Storage="_extendedPrice" DbType="Real" />
      <Column Name="dblFreight" Member="dblFreight" Storage="_dblFreight" DbType="Money" />
    </Type>
  </Table>
  <Table Name="dbo.vwCPOrderDetailsExtended" Member="vwCPOrderDetailsExtendeds">
    <Type Name="CopyPaste.Learn.Linq.vwCPOrderDetailsExtended">
      <Column Name="intOrderId" Member="intOrderId" Storage="_intOrderId" DbType="int NOT NULL" />
      <Column Name="intProductId" Member="intProductId" Storage="_intProductId" DbType="int NOT NULL" />
      <Column Name="strProductName" Member="strProductName" Storage="_strProductName" DbType="VarChar(40) NOT NULL" CanBeNull="false" />
      <Column Name="dblUnitPrice" Member="dblUnitPrice" Storage="_dblUnitPrice" DbType="Money NOT NULL" />
      <Column Name="intQuantity" Member="intQuantity" Storage="_intQuantity" DbType="SmallInt NOT NULL" />
      <Column Name="dblDiscount" Member="dblDiscount" Storage="_dblDiscount" DbType="Real NOT NULL" />
      <Column Name="extendedPrice" Member="extendedPrice" Storage="_extendedPrice" DbType="Real" />
    </Type>
  </Table>
  <Table Name="dbo.vwCPOrdersQuery" Member="vwCPOrdersQueries">
    <Type Name="CopyPaste.Learn.Linq.vwCPOrdersQuery">
      <Column Name="intIdOrder" Member="intIdOrder" Storage="_intIdOrder" DbType="int NOT NULL" />
      <Column Name="strCustomerId" Member="strCustomerId" Storage="_strCustomerId" DbType="VarChar(5)" />
      <Column Name="intEmployeeId" Member="intEmployeeId" Storage="_intEmployeeId" DbType="int" />
      <Column Name="dtmOrderDate" Member="dtmOrderDate" Storage="_dtmOrderDate" DbType="DateTime" />
      <Column Name="dtmRequiredDate" Member="dtmRequiredDate" Storage="_dtmRequiredDate" DbType="DateTime" />
      <Column Name="dtmShippedDate" Member="dtmShippedDate" Storage="_dtmShippedDate" DbType="DateTime" />
      <Column Name="intShipVia" Member="intShipVia" Storage="_intShipVia" DbType="int" />
      <Column Name="dblFreight" Member="dblFreight" Storage="_dblFreight" DbType="Money" />
      <Column Name="strShipName" Member="strShipName" Storage="_strShipName" DbType="VarChar(40)" />
      <Column Name="strShipAddress" Member="strShipAddress" Storage="_strShipAddress" DbType="VarChar(60)" />
      <Column Name="strShipCity" Member="strShipCity" Storage="_strShipCity" DbType="VarChar(15)" />
      <Column Name="strShipRegion" Member="strShipRegion" Storage="_strShipRegion" DbType="VarChar(15)" />
      <Column Name="strShipPostalCode" Member="strShipPostalCode" Storage="_strShipPostalCode" DbType="VarChar(10)" />
      <Column Name="strShipCountry" Member="strShipCountry" Storage="_strShipCountry" DbType="VarChar(15)" />
      <Column Name="strCompanyName" Member="strCompanyName" Storage="_strCompanyName" DbType="VarChar(40) NOT NULL" CanBeNull="false" />
      <Column Name="strAddress" Member="strAddress" Storage="_strAddress" DbType="VarChar(60)" />
      <Column Name="strCity" Member="strCity" Storage="_strCity" DbType="VarChar(15)" />
      <Column Name="strRegion" Member="strRegion" Storage="_strRegion" DbType="VarChar(15)" />
      <Column Name="strPostalCode" Member="strPostalCode" Storage="_strPostalCode" DbType="VarChar(10)" />
      <Column Name="strCountry" Member="strCountry" Storage="_strCountry" DbType="VarChar(15)" />
    </Type>
  </Table>
  <Table Name="dbo.vwCPOrderSubtotals" Member="vwCPOrderSubtotals">
    <Type Name="CopyPaste.Learn.Linq.vwCPOrderSubtotal">
      <Column Name="subtotal" Member="subtotal" Storage="_subtotal" DbType="Float" />
      <Column Name="intOrderId" Member="intOrderId" Storage="_intOrderId" DbType="int NOT NULL" />
    </Type>
  </Table>
  <Table Name="dbo.vwCPProductsAboveAveragePrice" Member="vwCPProductsAboveAveragePrices">
    <Type Name="CopyPaste.Learn.Linq.vwCPProductsAboveAveragePrice">
      <Column Name="strProductName" Member="strProductName" Storage="_strProductName" DbType="VarChar(40) NOT NULL" CanBeNull="false" />
      <Column Name="dblUnitPrice" Member="dblUnitPrice" Storage="_dblUnitPrice" DbType="Money" />
    </Type>
  </Table>
  <Table Name="dbo.vwCPProductSalesFor2007" Member="vwCPProductSalesFor2007s">
    <Type Name="CopyPaste.Learn.Linq.vwCPProductSalesFor2007">
      <Column Name="strCategoryName" Member="strCategoryName" Storage="_strCategoryName" DbType="VarChar(15) NOT NULL" CanBeNull="false" />
      <Column Name="strProductName" Member="strProductName" Storage="_strProductName" DbType="VarChar(40) NOT NULL" CanBeNull="false" />
      <Column Name="productSales" Member="productSales" Storage="_productSales" DbType="Float" />
      <Column Name="shippedQuarter" Member="shippedQuarter" Storage="_shippedQuarter" DbType="NVarChar(34)" />
    </Type>
  </Table>
  <Table Name="dbo.vwCPProductsByCategory" Member="vwCPProductsByCategories">
    <Type Name="CopyPaste.Learn.Linq.vwCPProductsByCategory">
      <Column Name="strCategoryName" Member="strCategoryName" Storage="_strCategoryName" DbType="VarChar(15) NOT NULL" CanBeNull="false" />
      <Column Name="strProductName" Member="strProductName" Storage="_strProductName" DbType="VarChar(40) NOT NULL" CanBeNull="false" />
      <Column Name="strQuantityPerUnit" Member="strQuantityPerUnit" Storage="_strQuantityPerUnit" DbType="VarChar(20)" />
      <Column Name="intUnitsInStock" Member="intUnitsInStock" Storage="_intUnitsInStock" DbType="SmallInt" />
      <Column Name="blnDiscontinued" Member="blnDiscontinued" Storage="_blnDiscontinued" DbType="Bit NOT NULL" />
    </Type>
  </Table>
  <Table Name="dbo.vwCPQuarterlyOrders" Member="vwCPQuarterlyOrders">
    <Type Name="CopyPaste.Learn.Linq.vwCPQuarterlyOrder">
      <Column Name="strIdCustomer" Member="strIdCustomer" Storage="_strIdCustomer" DbType="VarChar(5)" />
      <Column Name="strCompanyName" Member="strCompanyName" Storage="_strCompanyName" DbType="VarChar(40)" />
      <Column Name="strCity" Member="strCity" Storage="_strCity" DbType="VarChar(15)" />
      <Column Name="strCountry" Member="strCountry" Storage="_strCountry" DbType="VarChar(15)" />
    </Type>
  </Table>
  <Table Name="dbo.vwCPSalesAnalysis" Member="vwCPSalesAnalysis">
    <Type Name="CopyPaste.Learn.Linq.vwCPSalesAnalysi">
      <Column Name="strShipCountry" Member="strShipCountry" Storage="_strShipCountry" DbType="VarChar(15)" />
      <Column Name="strLastName" Member="strLastName" Storage="_strLastName" DbType="VarChar(20) NOT NULL" CanBeNull="false" />
      <Column Name="quarter" Member="quarter" Storage="_quarter" DbType="int" />
      <Column Name="year" Member="year" Storage="_year" DbType="int" />
      <Column Name="productAmount" Member="productAmount" Storage="_productAmount" DbType="Float" />
    </Type>
  </Table>
  <Table Name="dbo.vwCPSalesByCategory2007" Member="vwCPSalesByCategory2007s">
    <Type Name="CopyPaste.Learn.Linq.vwCPSalesByCategory2007">
      <Column Name="intIdCategory" Member="intIdCategory" Storage="_intIdCategory" DbType="int NOT NULL" />
      <Column Name="strCategoryName" Member="strCategoryName" Storage="_strCategoryName" DbType="VarChar(15) NOT NULL" CanBeNull="false" />
      <Column Name="strProductName" Member="strProductName" Storage="_strProductName" DbType="VarChar(40) NOT NULL" CanBeNull="false" />
      <Column Name="productSales" Member="productSales" Storage="_productSales" DbType="Float" />
    </Type>
  </Table>
  <Table Name="dbo.vwCPSalesTotalsByAmount" Member="vwCPSalesTotalsByAmounts">
    <Type Name="CopyPaste.Learn.Linq.vwCPSalesTotalsByAmount">
      <Column Name="saleAmount" Member="saleAmount" Storage="_saleAmount" DbType="Float" />
      <Column Name="intIdOrder" Member="intIdOrder" Storage="_intIdOrder" DbType="int NOT NULL" />
      <Column Name="strCompanyName" Member="strCompanyName" Storage="_strCompanyName" DbType="VarChar(40) NOT NULL" CanBeNull="false" />
      <Column Name="dtmShippedDate" Member="dtmShippedDate" Storage="_dtmShippedDate" DbType="DateTime" />
    </Type>
  </Table>
  <Table Name="dbo.vwCPSummaryOfSalesByQuarter" Member="vwCPSummaryOfSalesByQuarters">
    <Type Name="CopyPaste.Learn.Linq.vwCPSummaryOfSalesByQuarter">
      <Column Name="dtmShippedDate" Member="dtmShippedDate" Storage="_dtmShippedDate" DbType="DateTime" />
      <Column Name="intIdOrder" Member="intIdOrder" Storage="_intIdOrder" DbType="int NOT NULL" />
      <Column Name="subtotal" Member="subtotal" Storage="_subtotal" DbType="Float" />
    </Type>
  </Table>
  <Table Name="dbo.vwCPSummaryOfSalesByYear" Member="vwCPSummaryOfSalesByYears">
    <Type Name="CopyPaste.Learn.Linq.vwCPSummaryOfSalesByYear">
      <Column Name="dtmShippedDate" Member="dtmShippedDate" Storage="_dtmShippedDate" DbType="DateTime" />
      <Column Name="intIdOrder" Member="intIdOrder" Storage="_intIdOrder" DbType="int NOT NULL" />
      <Column Name="subtotal" Member="subtotal" Storage="_subtotal" DbType="Float" />
    </Type>
  </Table>
  <Function Name="dbo.cpSPDeleteCustomer" Method="CpSPDeleteCustomer">
    <Parameter Name="customerNumber" Parameter="customerNumber" DbType="VarChar(5)" />
    <Return DbType="int" />
  </Function>
  <Function Name="dbo.fn_diagramobjects" Method="Fn_diagramobjects" IsComposable="true">
    <Return DbType="int" />
  </Function>
  <Function Name="dbo.sp_alterdiagram" Method="sp_alterdiagram">
    <Parameter Name="diagramname" Parameter="diagramname" DbType="NVarChar(128)" />
    <Parameter Name="owner_id" Parameter="owner_id" DbType="int" />
    <Parameter Name="version" Parameter="version" DbType="int" />
    <Parameter Name="definition" Parameter="definition" DbType="VarBinary(MAX)" />
    <Return DbType="int" />
  </Function>
  <Function Name="dbo.sp_creatediagram" Method="sp_creatediagram">
    <Parameter Name="diagramname" Parameter="diagramname" DbType="NVarChar(128)" />
    <Parameter Name="owner_id" Parameter="owner_id" DbType="int" />
    <Parameter Name="version" Parameter="version" DbType="int" />
    <Parameter Name="definition" Parameter="definition" DbType="VarBinary(MAX)" />
    <Return DbType="int" />
  </Function>
  <Function Name="dbo.sp_dropdiagram" Method="sp_dropdiagram">
    <Parameter Name="diagramname" Parameter="diagramname" DbType="NVarChar(128)" />
    <Parameter Name="owner_id" Parameter="owner_id" DbType="int" />
    <Return DbType="int" />
  </Function>
  <Function Name="dbo.sp_helpdiagramdefinition" Method="sp_helpdiagramdefinition">
    <Parameter Name="diagramname" Parameter="diagramname" DbType="NVarChar(128)" />
    <Parameter Name="owner_id" Parameter="owner_id" DbType="int" />
    <ElementType Name="CopyPaste.Learn.Linq.sp_helpdiagramdefinitionResult">
      <Column Name="version" Member="Version" Storage="_Version" DbType="int" />
      <Column Name="definition" Member="Definition" Storage="_Definition" DbType="VarBinary(MAX)" />
    </ElementType>
  </Function>
  <Function Name="dbo.sp_helpdiagrams" Method="sp_helpdiagrams">
    <Parameter Name="diagramname" Parameter="diagramname" DbType="NVarChar(128)" />
    <Parameter Name="owner_id" Parameter="owner_id" DbType="int" />
    <ElementType Name="CopyPaste.Learn.Linq.sp_helpdiagramsResult">
      <Column Name="database" Member="database" Storage="_database" DbType="NVarChar(128)" />
      <Column Name="name" Member="name" Storage="_name" DbType="NVarChar(128)" />
      <Column Name="iD" Member="iD" Storage="_iD" DbType="int" />
      <Column Name="owner" Member="owner" Storage="_owner" DbType="NVarChar(128)" />
      <Column Name="ownerID" Member="ownerID" Storage="_ownerID" DbType="int" />
    </ElementType>
  </Function>
  <Function Name="dbo.sp_renamediagram" Method="sp_renamediagram">
    <Parameter Name="diagramname" Parameter="diagramname" DbType="NVarChar(128)" />
    <Parameter Name="owner_id" Parameter="owner_id" DbType="int" />
    <Parameter Name="new_diagramname" Parameter="new_diagramname" DbType="NVarChar(128)" />
    <Return DbType="int" />
  </Function>
  <Function Name="dbo.spCPCustomerOrderHistory" Method="spCPCustomerOrderHistory">
    <Parameter Name="keyCustomer" Parameter="keyCustomer" DbType="NChar(5)" />
    <ElementType Name="CopyPaste.Learn.Linq.spCPCustomerOrderHistoryResult">
      <Column Name="strProductName" Member="strProductName" Storage="_strProductName" DbType="VarChar(40)" />
      <Column Name="total" Member="total" Storage="_total" DbType="int" />
    </ElementType>
  </Function>
  <Function Name="dbo.spCPCustomerOrdersDetail" Method="spCPCustomerOrdersDetail">
    <Parameter Name="KeyOrder" Parameter="keyOrder" DbType="int" />
    <ElementType Name="CopyPaste.Learn.Linq.spCPCustomerOrdersDetailResult">
      <Column Name="strProductName" Member="strProductName" Storage="_strProductName" DbType="VarChar(40)" />
      <Column Name="unitPrice" Member="unitPrice" Storage="_unitPrice" DbType="Money" />
      <Column Name="intQuantity" Member="intQuantity" Storage="_intQuantity" DbType="SmallInt" />
      <Column Name="discount" Member="discount" Storage="_discount" DbType="int" />
      <Column Name="extendedPrice" Member="extendedPrice" Storage="_extendedPrice" DbType="Float" />
    </ElementType>
  </Function>
  <Function Name="dbo.spCPCustomerOrdersOrders" Method="spCPCustomerOrdersOrders">
    <Parameter Name="keyCustomer" Parameter="keyCustomer" DbType="NChar(5)" />
    <ElementType Name="CopyPaste.Learn.Linq.spCPCustomerOrdersOrdersResult">
      <Column Name="intIdOrder" Member="intIdOrder" Storage="_intIdOrder" DbType="int" />
      <Column Name="dtmOrderDate" Member="dtmOrderDate" Storage="_dtmOrderDate" DbType="DateTime" />
      <Column Name="dtmRequiredDate" Member="dtmRequiredDate" Storage="_dtmRequiredDate" DbType="DateTime" />
      <Column Name="dtmShippedDate" Member="dtmShippedDate" Storage="_dtmShippedDate" DbType="DateTime" />
    </ElementType>
  </Function>
  <Function Name="dbo.spCPEmployeeSalesByCountry" Method="spCPEmployeeSalesByCountry">
    <Parameter Name="beginningDate" Parameter="beginningDate" DbType="DateTime" />
    <Parameter Name="endingDate" Parameter="endingDate" DbType="DateTime" />
    <ElementType Name="CopyPaste.Learn.Linq.spCPEmployeeSalesByCountryResult">
      <Column Name="strCountry" Member="strCountry" Storage="_strCountry" DbType="VarChar(15)" />
      <Column Name="strLastName" Member="strLastName" Storage="_strLastName" DbType="VarChar(20)" />
      <Column Name="strFirstName" Member="strFirstName" Storage="_strFirstName" DbType="VarChar(10)" />
      <Column Name="dtmShippedDate" Member="dtmShippedDate" Storage="_dtmShippedDate" DbType="DateTime" />
      <Column Name="intIdOrder" Member="intIdOrder" Storage="_intIdOrder" DbType="int" />
      <Column Name="saleAmount" Member="saleAmount" Storage="_saleAmount" DbType="Float" />
    </ElementType>
  </Function>
  <Function Name="dbo.spCPGetAutoNumber" Method="spCPGetAutoNumber">
    <ElementType Name="CopyPaste.Learn.Linq.spCPGetAutoNumberResult">
      <Column Name="" Member="column1" Storage="_column1" DbType="Decimal(38,0)" />
    </ElementType>
  </Function>
  <Function Name="dbo.spCPSalesByYear" Method="spCPSalesByYear">
    <Parameter Name="beginningDate" Parameter="beginningDate" DbType="DateTime" />
    <Parameter Name="endingDate" Parameter="endingDate" DbType="DateTime" />
    <ElementType Name="CopyPaste.Learn.Linq.spCPSalesByYearResult">
      <Column Name="dtmShippedDate" Member="dtmShippedDate" Storage="_dtmShippedDate" DbType="DateTime" />
      <Column Name="intIdOrder" Member="intIdOrder" Storage="_intIdOrder" DbType="int" />
      <Column Name="subtotal" Member="subtotal" Storage="_subtotal" DbType="Float" />
      <Column Name="year" Member="year" Storage="_year" DbType="NVarChar(30)" />
    </ElementType>
  </Function>
  <Function Name="dbo.spCPTenMostExpensiveProducts" Method="spCPTenMostExpensiveProducts">
    <ElementType Name="CopyPaste.Learn.Linq.spCPTenMostExpensiveProductsResult">
      <Column Name="tenMostExpensiveProducts" Member="tenMostExpensiveProducts" Storage="_tenMostExpensiveProducts" DbType="VarChar(40)" />
      <Column Name="dblUnitPrice" Member="dblUnitPrice" Storage="_dblUnitPrice" DbType="Money" />
    </ElementType>
  </Function>
</Database>