<NewDataSet>
  <Table>
    <Title>C# Programming Tips &amp; Techniques</Title>
    <Author>Wright</Author>
    <Publisher>McGraw-Hill/Osborne</Publisher>
    <Price>49.99</Price>
  </Table>
  <Table>
    <Title>Visaul Basic .Net Programming Tips &amp; Techniques</Title>
    <Author>Jamsa</Author>
    <Publisher>McGraw-Hill/Osborne</Publisher>
    <Price>49.99</Price>
  </Table>
  <Table>
    <Title>HTML &amp; Web Design Tips &amp; Techniques</Title>
    <Author>King</Author>
    <Publisher>McGraw-Hill/Osborne</Publisher>
    <Price>49.99</Price>
  </Table>
  <Table>
    <Title>PC Performance Tuning &amp; Upgrading Tips &amp; Techniques</Title>
    <Author>Jamsa</Author>
    <Publisher>McGraw-Hill/Osborne</Publisher>
    <Price>39.99</Price>
  </Table>
</NewDataSet> 
