<?xml version="1.0"?>
<doc>
    <assembly>
        <name>CodeAnalysis</name>
    </assembly>
    <members>
        <member name="T:CopyPaste.Learning.cpSourceFile">
            <summary>
            A Source File is a textfile that contains programming code
            </summary>
        </member>
        <member name="M:CopyPaste.Learning.cpSourceFile.#ctor(System.String)">
            <summary>
            Constructor of cpSourceFile
            </summary>
            <param name="strFullPath">Full path to the source of the code</param>
        </member>
        <member name="P:CopyPaste.Learning.cpSourceFile.ClassCount">
            <summary>
            The number of classes in a cpSourceFile (Get only)
            </summary>
        </member>
        <member name="P:CopyPaste.Learning.cpSourceFile.FileName">
            <summary>
            Returns the file name of the cpSourceFile (Get only)
            </summary>
        </member>
        <member name="P:CopyPaste.Learning.cpSourceFile.FullPath">
            <summary>
            Returns the full path of the cpSourceFile (Get only)
            </summary>
        </member>
        <member name="P:CopyPaste.Learning.cpSourceFile.LinesOfCode">
            <summary>
            The number of lines of code in a cpSourceFile (Get only)
            </summary>
        </member>
        <member name="M:CopyPaste.Learning.cpSourceFile.GetClass(System.Int32)">
            <summary>
            Returns based on an index the correct class name in a cpSourceFile
            </summary>
            <param name="lngIndex">An index starting with 0</param>
            <returns>A classname</returns>
        </member>
        <member name="T:CopyPaste.Learning.frmCodeAnalysis">
            <summary>
            Form where class cpSourceFile is tested
            </summary>
        </member>
        <member name="M:CopyPaste.Learning.frmCodeAnalysis.Dispose(System.Boolean)">
            <summary>
            Code executed when form is not used anymore
            </summary>
            <param name="disposing">To dispose all components in the form, set true</param>
        </member>
        <member name="M:CopyPaste.Learning.frmCodeAnalysis.#ctor">
            <summary>
            Constructor of frmCodeAnalysis
            </summary>
        </member>
    </members>
</doc>
